Review,Sentiment
I absolutely love this product!,positive
Worst purchase I've ever made.,negative
"It's okay, not the best.",neutral
Excellent quality and fast shipping!,positive
Completely useless. Don't buy it.,negative
"Not bad, works as expected.",neutral
Fantastic! Highly recommend it.,positive
Disappointed with the performance.,negative
"Neutral experience, nothing special.",neutral
Very happy with this item!,positive
"Broke after a week, terrible quality.",negative
"Just fine, average performance.",neutral
Outstanding! Will buy again.,positive
Terrible service and rude support.,negative
"It does the job, nothing more.",neutral
Exceeded my expectations!,positive
"Waste of money, not recommended.",negative
"Mediocre product, expected more.",neutral
Loved it! Great experience.,positive
Awful. I want a refund.,negative
I absolutely love this product!,positive
Worst purchase I've ever made.,negative
"It's okay, not the best.",neutral
Excellent quality and fast shipping!,positive
Completely useless. Don't buy it.,negative
"Not bad, works as expected.",neutral
Fantastic! Highly recommend it.,positive
Disappointed with the performance.,negative
"Neutral experience, nothing special.",neutral
Very happy with this item!,positive
"Broke after a week, terrible quality.",negative
"Just fine, average performance.",neutral
Outstanding! Will buy again.,positive
Terrible service and rude support.,negative
"It does the job, nothing more.",neutral
Exceeded my expectations!,positive
"Waste of money, not recommended.",negative
"Mediocre product, expected more.",neutral
Loved it! Great experience.,positive
Awful. I want a refund.,negative
I absolutely love this product!,positive
Worst purchase I've ever made.,negative
"It's okay, not the best.",neutral
Excellent quality and fast shipping!,positive
Completely useless. Don't buy it.,negative
"Not bad, works as expected.",neutral
Fantastic! Highly recommend it.,positive
Disappointed with the performance.,negative
"Neutral experience, nothing special.",neutral
Very happy with this item!,positive
"Broke after a week, terrible quality.",negative
"Just fine, average performance.",neutral
Outstanding! Will buy again.,positive
Terrible service and rude support.,negative
"It does the job, nothing more.",neutral
Exceeded my expectations!,positive
"Waste of money, not recommended.",negative
"Mediocre product, expected more.",neutral
Loved it! Great experience.,positive
Awful. I want a refund.,negative
I absolutely love this product!,positive
Worst purchase I've ever made.,negative
"It's okay, not the best.",neutral
Excellent quality and fast shipping!,positive
Completely useless. Don't buy it.,negative
"Not bad, works as expected.",neutral
Fantastic! Highly recommend it.,positive
Disappointed with the performance.,negative
"Neutral experience, nothing special.",neutral
Very happy with this item!,positive
"Broke after a week, terrible quality.",negative
"Just fine, average performance.",neutral
Outstanding! Will buy again.,positive
Terrible service and rude support.,negative
"It does the job, nothing more.",neutral
Exceeded my expectations!,positive
"Waste of money, not recommended.",negative
"Mediocre product, expected more.",neutral
Loved it! Great experience.,positive
Awful. I want a refund.,negative
I absolutely love this product!,positive
Worst purchase I've ever made.,negative
"It's okay, not the best.",neutral
Excellent quality and fast shipping!,positive
Completely useless. Don't buy it.,negative
"Not bad, works as expected.",neutral
Fantastic! Highly recommend it.,positive
Disappointed with the performance.,negative
"Neutral experience, nothing special.",neutral
Very happy with this item!,positive
"Broke after a week, terrible quality.",negative
"Just fine, average performance.",neutral
Outstanding! Will buy again.,positive
Terrible service and rude support.,negative
"It does the job, nothing more.",neutral
Exceeded my expectations!,positive
"Waste of money, not recommended.",negative
"Mediocre product, expected more.",neutral
Loved it! Great experience.,positive
Awful. I want a refund.,negative
I absolutely love this product!,positive
Worst purchase I've ever made.,negative
"It's okay, not the best.",neutral
Excellent quality and fast shipping!,positive
Completely useless. Don't buy it.,negative
"Not bad, works as expected.",neutral
Fantastic! Highly recommend it.,positive
Disappointed with the performance.,negative
"Neutral experience, nothing special.",neutral
Very happy with this item!,positive
"Broke after a week, terrible quality.",negative
"Just fine, average performance.",neutral
Outstanding! Will buy again.,positive
Terrible service and rude support.,negative
"It does the job, nothing more.",neutral
Exceeded my expectations!,positive
"Waste of money, not recommended.",negative
"Mediocre product, expected more.",neutral
Loved it! Great experience.,positive
Awful. I want a refund.,negative
I absolutely love this product!,positive
Worst purchase I've ever made.,negative
"It's okay, not the best.",neutral
Excellent quality and fast shipping!,positive
Completely useless. Don't buy it.,negative
"Not bad, works as expected.",neutral
Fantastic! Highly recommend it.,positive
Disappointed with the performance.,negative
"Neutral experience, nothing special.",neutral
Very happy with this item!,positive
"Broke after a week, terrible quality.",negative
"Just fine, average performance.",neutral
Outstanding! Will buy again.,positive
Terrible service and rude support.,negative
"It does the job, nothing more.",neutral
Exceeded my expectations!,positive
"Waste of money, not recommended.",negative
"Mediocre product, expected more.",neutral
Loved it! Great experience.,positive
Awful. I want a refund.,negative
I absolutely love this product!,positive
Worst purchase I've ever made.,negative
"It's okay, not the best.",neutral
Excellent quality and fast shipping!,positive
Completely useless. Don't buy it.,negative
"Not bad, works as expected.",neutral
Fantastic! Highly recommend it.,positive
Disappointed with the performance.,negative
"Neutral experience, nothing special.",neutral
Very happy with this item!,positive
"Broke after a week, terrible quality.",negative
"Just fine, average performance.",neutral
Outstanding! Will buy again.,positive
Terrible service and rude support.,negative
"It does the job, nothing more.",neutral
Exceeded my expectations!,positive
"Waste of money, not recommended.",negative
"Mediocre product, expected more.",neutral
Loved it! Great experience.,positive
Awful. I want a refund.,negative
I absolutely love this product!,positive
Worst purchase I've ever made.,negative
"It's okay, not the best.",neutral
Excellent quality and fast shipping!,positive
Completely useless. Don't buy it.,negative
"Not bad, works as expected.",neutral
Fantastic! Highly recommend it.,positive
Disappointed with the performance.,negative
"Neutral experience, nothing special.",neutral
Very happy with this item!,positive
"Broke after a week, terrible quality.",negative
"Just fine, average performance.",neutral
Outstanding! Will buy again.,positive
Terrible service and rude support.,negative
"It does the job, nothing more.",neutral
Exceeded my expectations!,positive
"Waste of money, not recommended.",negative
"Mediocre product, expected more.",neutral
Loved it! Great experience.,positive
Awful. I want a refund.,negative
I absolutely love this product!,positive
Worst purchase I've ever made.,negative
"It's okay, not the best.",neutral
Excellent quality and fast shipping!,positive
Completely useless. Don't buy it.,negative
"Not bad, works as expected.",neutral
Fantastic! Highly recommend it.,positive
Disappointed with the performance.,negative
"Neutral experience, nothing special.",neutral
Very happy with this item!,positive
"Broke after a week, terrible quality.",negative
"Just fine, average performance.",neutral
Outstanding! Will buy again.,positive
Terrible service and rude support.,negative
"It does the job, nothing more.",neutral
Exceeded my expectations!,positive
"Waste of money, not recommended.",negative
"Mediocre product, expected more.",neutral
Loved it! Great experience.,positive
Awful. I want a refund.,negative
I absolutely love this product!,positive
Worst purchase I've ever made.,negative
"It's okay, not the best.",neutral
Excellent quality and fast shipping!,positive
Completely useless. Don't buy it.,negative
"Not bad, works as expected.",neutral
Fantastic! Highly recommend it.,positive
Disappointed with the performance.,negative
"Neutral experience, nothing special.",neutral
Very happy with this item!,positive
"Broke after a week, terrible quality.",negative
"Just fine, average performance.",neutral
Outstanding! Will buy again.,positive
Terrible service and rude support.,negative
"It does the job, nothing more.",neutral
Exceeded my expectations!,positive
"Waste of money, not recommended.",negative
"Mediocre product, expected more.",neutral
Loved it! Great experience.,positive
Awful. I want a refund.,negative
I absolutely love this product!,positive
Worst purchase I've ever made.,negative
"It's okay, not the best.",neutral
Excellent quality and fast shipping!,positive
Completely useless. Don't buy it.,negative
"Not bad, works as expected.",neutral
Fantastic! Highly recommend it.,positive
Disappointed with the performance.,negative
"Neutral experience, nothing special.",neutral
Very happy with this item!,positive
"Broke after a week, terrible quality.",negative
"Just fine, average performance.",neutral
Outstanding! Will buy again.,positive
Terrible service and rude support.,negative
"It does the job, nothing more.",neutral
Exceeded my expectations!,positive
"Waste of money, not recommended.",negative
"Mediocre product, expected more.",neutral
Loved it! Great experience.,positive
Awful. I want a refund.,negative
I absolutely love this product!,positive
Worst purchase I've ever made.,negative
"It's okay, not the best.",neutral
Excellent quality and fast shipping!,positive
Completely useless. Don't buy it.,negative
"Not bad, works as expected.",neutral
Fantastic! Highly recommend it.,positive
Disappointed with the performance.,negative
"Neutral experience, nothing special.",neutral
Very happy with this item!,positive
"Broke after a week, terrible quality.",negative
"Just fine, average performance.",neutral
Outstanding! Will buy again.,positive
Terrible service and rude support.,negative
"It does the job, nothing more.",neutral
Exceeded my expectations!,positive
"Waste of money, not recommended.",negative
"Mediocre product, expected more.",neutral
Loved it! Great experience.,positive
Awful. I want a refund.,negative
I absolutely love this product!,positive
Worst purchase I've ever made.,negative
"It's okay, not the best.",neutral
Excellent quality and fast shipping!,positive
Completely useless. Don't buy it.,negative
"Not bad, works as expected.",neutral
Fantastic! Highly recommend it.,positive
Disappointed with the performance.,negative
"Neutral experience, nothing special.",neutral
Very happy with this item!,positive
"Broke after a week, terrible quality.",negative
"Just fine, average performance.",neutral
Outstanding! Will buy again.,positive
Terrible service and rude support.,negative
"It does the job, nothing more.",neutral
Exceeded my expectations!,positive
"Waste of money, not recommended.",negative
"Mediocre product, expected more.",neutral
Loved it! Great experience.,positive
Awful. I want a refund.,negative
I absolutely love this product!,positive
Worst purchase I've ever made.,negative
"It's okay, not the best.",neutral
Excellent quality and fast shipping!,positive
Completely useless. Don't buy it.,negative
"Not bad, works as expected.",neutral
Fantastic! Highly recommend it.,positive
Disappointed with the performance.,negative
"Neutral experience, nothing special.",neutral
Very happy with this item!,positive
"Broke after a week, terrible quality.",negative
"Just fine, average performance.",neutral
Outstanding! Will buy again.,positive
Terrible service and rude support.,negative
"It does the job, nothing more.",neutral
Exceeded my expectations!,positive
"Waste of money, not recommended.",negative
"Mediocre product, expected more.",neutral
Loved it! Great experience.,positive
Awful. I want a refund.,negative
I absolutely love this product!,positive
Worst purchase I've ever made.,negative
"It's okay, not the best.",neutral
Excellent quality and fast shipping!,positive
Completely useless. Don't buy it.,negative
"Not bad, works as expected.",neutral
Fantastic! Highly recommend it.,positive
Disappointed with the performance.,negative
"Neutral experience, nothing special.",neutral
Very happy with this item!,positive
"Broke after a week, terrible quality.",negative
"Just fine, average performance.",neutral
Outstanding! Will buy again.,positive
Terrible service and rude support.,negative
"It does the job, nothing more.",neutral
Exceeded my expectations!,positive
"Waste of money, not recommended.",negative
"Mediocre product, expected more.",neutral
Loved it! Great experience.,positive
Awful. I want a refund.,negative
I absolutely love this product!,positive
Worst purchase I've ever made.,negative
"It's okay, not the best.",neutral
Excellent quality and fast shipping!,positive
Completely useless. Don't buy it.,negative
"Not bad, works as expected.",neutral
Fantastic! Highly recommend it.,positive
Disappointed with the performance.,negative
"Neutral experience, nothing special.",neutral
Very happy with this item!,positive
"Broke after a week, terrible quality.",negative
"Just fine, average performance.",neutral
Outstanding! Will buy again.,positive
Terrible service and rude support.,negative
"It does the job, nothing more.",neutral
Exceeded my expectations!,positive
"Waste of money, not recommended.",negative
"Mediocre product, expected more.",neutral
Loved it! Great experience.,positive
Awful. I want a refund.,negative
I absolutely love this product!,positive
Worst purchase I've ever made.,negative
"It's okay, not the best.",neutral
Excellent quality and fast shipping!,positive
Completely useless. Don't buy it.,negative
"Not bad, works as expected.",neutral
Fantastic! Highly recommend it.,positive
Disappointed with the performance.,negative
"Neutral experience, nothing special.",neutral
Very happy with this item!,positive
"Broke after a week, terrible quality.",negative
"Just fine, average performance.",neutral
Outstanding! Will buy again.,positive
Terrible service and rude support.,negative
"It does the job, nothing more.",neutral
Exceeded my expectations!,positive
"Waste of money, not recommended.",negative
"Mediocre product, expected more.",neutral
Loved it! Great experience.,positive
Awful. I want a refund.,negative
I absolutely love this product!,positive
Worst purchase I've ever made.,negative
"It's okay, not the best.",neutral
Excellent quality and fast shipping!,positive
Completely useless. Don't buy it.,negative
"Not bad, works as expected.",neutral
Fantastic! Highly recommend it.,positive
Disappointed with the performance.,negative
"Neutral experience, nothing special.",neutral
Very happy with this item!,positive
"Broke after a week, terrible quality.",negative
"Just fine, average performance.",neutral
Outstanding! Will buy again.,positive
Terrible service and rude support.,negative
"It does the job, nothing more.",neutral
Exceeded my expectations!,positive
"Waste of money, not recommended.",negative
"Mediocre product, expected more.",neutral
Loved it! Great experience.,positive
Awful. I want a refund.,negative
I absolutely love this product!,positive
Worst purchase I've ever made.,negative
"It's okay, not the best.",neutral
Excellent quality and fast shipping!,positive
Completely useless. Don't buy it.,negative
"Not bad, works as expected.",neutral
Fantastic! Highly recommend it.,positive
Disappointed with the performance.,negative
"Neutral experience, nothing special.",neutral
Very happy with this item!,positive
"Broke after a week, terrible quality.",negative
"Just fine, average performance.",neutral
Outstanding! Will buy again.,positive
Terrible service and rude support.,negative
"It does the job, nothing more.",neutral
Exceeded my expectations!,positive
"Waste of money, not recommended.",negative
"Mediocre product, expected more.",neutral
Loved it! Great experience.,positive
Awful. I want a refund.,negative
I absolutely love this product!,positive
Worst purchase I've ever made.,negative
"It's okay, not the best.",neutral
Excellent quality and fast shipping!,positive
Completely useless. Don't buy it.,negative
"Not bad, works as expected.",neutral
Fantastic! Highly recommend it.,positive
Disappointed with the performance.,negative
"Neutral experience, nothing special.",neutral
Very happy with this item!,positive
"Broke after a week, terrible quality.",negative
"Just fine, average performance.",neutral
Outstanding! Will buy again.,positive
Terrible service and rude support.,negative
"It does the job, nothing more.",neutral
Exceeded my expectations!,positive
"Waste of money, not recommended.",negative
"Mediocre product, expected more.",neutral
Loved it! Great experience.,positive
Awful. I want a refund.,negative
I absolutely love this product!,positive
Worst purchase I've ever made.,negative
"It's okay, not the best.",neutral
Excellent quality and fast shipping!,positive
Completely useless. Don't buy it.,negative
"Not bad, works as expected.",neutral
Fantastic! Highly recommend it.,positive
Disappointed with the performance.,negative
"Neutral experience, nothing special.",neutral
Very happy with this item!,positive
"Broke after a week, terrible quality.",negative
"Just fine, average performance.",neutral
Outstanding! Will buy again.,positive
Terrible service and rude support.,negative
"It does the job, nothing more.",neutral
Exceeded my expectations!,positive
"Waste of money, not recommended.",negative
"Mediocre product, expected more.",neutral
Loved it! Great experience.,positive
Awful. I want a refund.,negative
I absolutely love this product!,positive
Worst purchase I've ever made.,negative
"It's okay, not the best.",neutral
Excellent quality and fast shipping!,positive
Completely useless. Don't buy it.,negative
"Not bad, works as expected.",neutral
Fantastic! Highly recommend it.,positive
Disappointed with the performance.,negative
"Neutral experience, nothing special.",neutral
Very happy with this item!,positive
"Broke after a week, terrible quality.",negative
"Just fine, average performance.",neutral
Outstanding! Will buy again.,positive
Terrible service and rude support.,negative
"It does the job, nothing more.",neutral
Exceeded my expectations!,positive
"Waste of money, not recommended.",negative
"Mediocre product, expected more.",neutral
Loved it! Great experience.,positive
Awful. I want a refund.,negative
I absolutely love this product!,positive
Worst purchase I've ever made.,negative
"It's okay, not the best.",neutral
Excellent quality and fast shipping!,positive
Completely useless. Don't buy it.,negative
"Not bad, works as expected.",neutral
Fantastic! Highly recommend it.,positive
Disappointed with the performance.,negative
"Neutral experience, nothing special.",neutral
Very happy with this item!,positive
"Broke after a week, terrible quality.",negative
"Just fine, average performance.",neutral
Outstanding! Will buy again.,positive
Terrible service and rude support.,negative
"It does the job, nothing more.",neutral
Exceeded my expectations!,positive
"Waste of money, not recommended.",negative
"Mediocre product, expected more.",neutral
Loved it! Great experience.,positive
Awful. I want a refund.,negative
I absolutely love this product!,positive
Worst purchase I've ever made.,negative
"It's okay, not the best.",neutral
Excellent quality and fast shipping!,positive
Completely useless. Don't buy it.,negative
"Not bad, works as expected.",neutral
Fantastic! Highly recommend it.,positive
Disappointed with the performance.,negative
"Neutral experience, nothing special.",neutral
Very happy with this item!,positive
"Broke after a week, terrible quality.",negative
"Just fine, average performance.",neutral
Outstanding! Will buy again.,positive
Terrible service and rude support.,negative
"It does the job, nothing more.",neutral
Exceeded my expectations!,positive
"Waste of money, not recommended.",negative
"Mediocre product, expected more.",neutral
Loved it! Great experience.,positive
Awful. I want a refund.,negative
